Company,Seed Variety,Key Properties,Suitable Region(s) in Zambia,Region Name,Region Description
Zambia Seed Company Ltd (ZAMSEED),ZMS 301,Semi-flint white grain; Days to maturity 75; Exceptionally drought tolerant; Very suitable for green maize; Yield potential 120–140 × 50 kg bags/ha,Region I (600–800 mm rainfall; 80–120 day season),Region I,"Southern, Eastern & Western provinces; 600–800 mm rainfall; 80–120 day season."
Zambia Seed Company Ltd (ZAMSEED),ZMS 405,Flint white grain; High-yielding early maturity; Full husk cover; Days to maturity 100–105; Yield potential 140–160 × 50 kg bags/ha,Regions I & II (80–120 & 100–140 day seasons),Regions I & II,"Southern, Eastern & Western provinces; 600–800 mm rainfall; 80–120 day season. / Central, Southern, Eastern & Lusaka provinces; 800–1000 mm rainfall; 100–140 day season."
Zambia Seed Company Ltd (ZAMSEED),ZMS 520,Dent white grain; Full husk cover; Days to maturity 120–125; Yield potential 180–200 × 50 kg bags/ha,Regions II & III (100–140 & 120–150 day seasons),Regions II & III,"Southern, Eastern & Western provinces; 600–800 mm rainfall; 80–120 day season. / Central, Southern, Eastern & Lusaka provinces; 800–1000 mm rainfall; 100–140 day season."
Zambia Seed Company Ltd (ZAMSEED),ZMS 606,Semi-flint white grain; Full husk cover; Double cobbing; Days to maturity 125–130; Good storability; Yield potential 160–180 × 50 kg bags/ha,Regions II & III,Regions II & III,"Southern, Eastern & Western provinces; 600–800 mm rainfall; 80–120 day season. / Central, Southern, Eastern & Lusaka provinces; 800–1000 mm rainfall; 100–140 day season."
Zambia Seed Company Ltd (ZAMSEED),ZMS 620,Flint white grain; Full husk cover; Days to maturity 130–135; High yield potential & stable cultivar; Yield potential 240–280 × 50 kg bags/ha,Regions II & III,Regions II & III,"Southern, Eastern & Western provinces; 600–800 mm rainfall; 80–120 day season. / Central, Southern, Eastern & Lusaka provinces; 800–1000 mm rainfall; 100–140 day season."
Zambia Seed Company Ltd (ZAMSEED),ZMS 638,Flint white grain; Full husk cover; Days to maturity 125–130; Excellent standability; High & stable yield potential 200–240 × 50 kg bags/ha,Regions II & III,Regions II & III,"Southern, Eastern & Western provinces; 600–800 mm rainfall; 80–120 day season. / Central, Southern, Eastern & Lusaka provinces; 800–1000 mm rainfall; 100–140 day season."
Zambia Seed Company Ltd (ZAMSEED),ZMS 720,Semi-flint white grain; Large cobs; Good husk cover; Days to maturity 140–150; Good standability; Excellent grain quality; Yield potential 300 × 50 kg bags/ha,Region III (120–150 day season; >1000 mm rainfall),Region III,"Southern, Eastern & Western provinces; 600–800 mm rainfall; 80–120 day season. / Central, Southern, Eastern & Lusaka provinces; 800–1000 mm rainfall; 100–140 day season. / Northern, Luapula, Copperbelt & Northwestern provinces; >1000 mm rainfall; 120–150 day season."
Zambia Seed Company Ltd (ZAMSEED),ZMS 721,Semi-flint white grain; Good husk cover; Large cob; Double cobbing; Days to maturity 140–150; Stay-green trait; Excellent for silage; Yield potential 260 × 50 kg bags/ha,Region III,Region III,"Southern, Eastern & Western provinces; 600–800 mm rainfall; 80–120 day season. / Central, Southern, Eastern & Lusaka provinces; 800–1000 mm rainfall; 100–140 day season. / Northern, Luapula, Copperbelt & Northwestern provinces; >1000 mm rainfall; 120–150 day season."
Zambia Seed Company Ltd (ZAMSEED),GV664 (A),Flint orange (Vitamin A enriched); Full husk cover; Days to maturity 115–125; Yield potential 140 × 50 kg bags/ha; GMO-free,Regions I & II,Regions I & II,"Southern, Eastern & Western provinces; 600–800 mm rainfall; 80–120 day season. / Central, Southern, Eastern & Lusaka provinces; 800–1000 mm rainfall; 100–140 day season."
Seed Co Zambia,SC 633,Medium maturing; High yielding; Drought tolerant; Fast drying; Dent grain; Days to maturity 130–136; Yield potential up to 13 t/ha; Good tolerance to GLS,Regions II & III (800–1000 & >1000 mm rainfall),Regions II & III,"Southern, Eastern & Western provinces; 600–800 mm rainfall; 80–120 day season. / Central, Southern, Eastern & Lusaka provinces; 800–1000 mm rainfall; 100–140 day season."
Seed Co Zambia,SC 637,"Yield potential 11–13 t/ha; Medium maturing; Semi-flint grain; Disease tolerance to MSV, GLS, rusts; Good cob rot tolerance; Excellent tip cover",Region III (>1000 mm rainfall),Region III,"Southern, Eastern & Western provinces; 600–800 mm rainfall; 80–120 day season. / Central, Southern, Eastern & Lusaka provinces; 800–1000 mm rainfall; 100–140 day season. / Northern, Luapula, Copperbelt & Northwestern provinces; >1000 mm rainfall; 120–150 day season."
Seed Co Zambia,SC 647,Medium maturing; Performs well on acidic soils; Dent grain; Days to maturity 130–136; Yield potential up to 16 t/ha; Heat & drought tolerant,"Regions I–III (600–800, 800–1000 & >1000 mm)",Regions I–III,"Southern, Eastern & Western provinces; 600–800 mm rainfall; 80–120 day season. / Central, Southern, Eastern & Lusaka provinces; 800–1000 mm rainfall; 100–140 day season. / Northern, Luapula, Copperbelt & Northwestern provinces; >1000 mm rainfall; 120–150 day season."
Seed Co Zambia,SC 657,Medium to late maturing; Hard dent grain; Very good shelling >80%; Yield potential 13 t/ha; Stay-green trait,Regions I–III,Regions I–III,"Southern, Eastern & Western provinces; 600–800 mm rainfall; 80–120 day season. / Central, Southern, Eastern & Lusaka provinces; 800–1000 mm rainfall; 100–140 day season. / Northern, Luapula, Copperbelt & Northwestern provinces; >1000 mm rainfall; 120–150 day season."
Amiran Zambia (Balton CP),Dominique F1,"Tomato: Firm, flat-globe fruit (180–200 g); Resistant to TYLCV; Indeterminate; Year-round production",Regions I–III (all regions),Regions I–III,"Southern, Eastern & Western provinces; 600–800 mm rainfall; 80–120 day season. / Central, Southern, Eastern & Lusaka provinces; 800–1000 mm rainfall; 100–140 day season. / Northern, Luapula, Copperbelt & Northwestern provinces; >1000 mm rainfall; 120–150 day season."
Amiran Zambia (Balton CP),Topacio F1,Tomato: Fruit 100–120 g; Deep red; Excellent shelf life; Resistant to TYLCV,Regions II & III,Regions II & III,"Southern, Eastern & Western provinces; 600–800 mm rainfall; 80–120 day season. / Central, Southern, Eastern & Lusaka provinces; 800–1000 mm rainfall; 100–140 day season."
Amiran Zambia (Balton CP),Yaara F1,Tomato: Tolerant to bacterial wilt; Resistant to TSWV; Indeterminate,Regions II & III,Regions II & III,"Southern, Eastern & Western provinces; 600–800 mm rainfall; 80–120 day season. / Central, Southern, Eastern & Lusaka provinces; 800–1000 mm rainfall; 100–140 day season."
Amiran Zambia (Balton CP),Karni F1,Tomato: Tolerant to bacterial wilt; Resistant to TSWV; Indeterminate,Regions II & III,Regions II & III,"Southern, Eastern & Western provinces; 600–800 mm rainfall; 80–120 day season. / Central, Southern, Eastern & Lusaka provinces; 800–1000 mm rainfall; 100–140 day season."
Amiran Zambia (Balton CP),Nemo-netta F1,Tomato: Fruit 110–140 g; Deep red; Resistant to nematodes & TSWV; Indeterminate,Regions II & III,Regions II & III,"Southern, Eastern & Western provinces; 600–800 mm rainfall; 80–120 day season. / Central, Southern, Eastern & Lusaka provinces; 800–1000 mm rainfall; 100–140 day season."
Amiran Zambia (Balton CP),Super Elad F1,Onion: Early maturity; Medium-large bulbs; Very pungent; Resistant to pink root; Suitable for rain-fed & irrigated,Regions I–III,Regions I–III,"Southern, Eastern & Western provinces; 600–800 mm rainfall; 80–120 day season. / Central, Southern, Eastern & Lusaka provinces; 800–1000 mm rainfall; 100–140 day season. / Northern, Luapula, Copperbelt & Northwestern provinces; >1000 mm rainfall; 120–150 day season."
Amiran Zambia (Balton CP),Landini F1,Cabbage: Early maturity (75 days); Head weight >5 kg; Uniform heads; Heat tolerant; Resistant to black root,Regions I–III,Regions I–III,"Southern, Eastern & Western provinces; 600–800 mm rainfall; 80–120 day season. / Central, Southern, Eastern & Lusaka provinces; 800–1000 mm rainfall; 100–140 day season. / Northern, Luapula, Copperbelt & Northwestern provinces; >1000 mm rainfall; 120–150 day season."
